Wall time,Step,Value
1698079386.121351,0,0.6265602111816406
1698080149.8005345,1,0.6309398412704468
1698080914.085161,2,0.6284613013267517
1698081650.2877092,3,0.5941261649131775
1698082324.6774096,4,0.6183251142501831
1698082982.8184156,5,0.6329563856124878
1698083745.443411,6,0.6267911791801453
1698084513.2509906,7,0.6424263119697571
1698085283.9272904,8,0.6468592286109924
1698086050.2994843,9,0.6468148231506348
1698086821.0051103,10,0.6500750780105591
1698087586.7704155,11,0.653228759765625
1698088308.163535,12,0.6564979553222656
1698088955.6065738,13,0.6522427201271057
1698089608.6384473,14,0.6533531546592712
1698090288.1674955,15,0.6541438102722168
1698091048.413647,16,0.6510522961616516
1698091925.5097432,17,0.6559560298919678
1698092736.9865541,18,0.6554052829742432
1698094184.8116982,19,0.652704656124115
