Wall time,Step,Value
1698132347.944164,0,0.6917517185211182
1698132981.2364764,1,0.6925070881843567
1698133589.6341157,2,0.6929385662078857
1698134168.8482263,3,0.6919977068901062
1698134749.6685133,4,0.6932538747787476
1698135331.6950364,5,0.691718339920044
1698135931.8526003,6,0.6927227973937988
1698136533.5646338,7,0.6917490363121033
1698137134.7151935,8,0.6915180683135986
1698137737.3080072,9,0.6923919916152954
1698138336.8359635,10,0.6912092566490173
1698138934.6886387,11,0.6911966800689697
1698139526.0259519,12,0.691426157951355
1698140104.4221256,13,0.6921550631523132
1698140683.834426,14,0.6917061805725098
1698141262.8205552,15,0.6921883225440979
1698141838.9874055,16,0.692774772644043
1698142418.2251515,17,0.6918491125106812
1698143009.3419728,18,0.7050843834877014
1698143588.9476686,19,0.69367915391922
