Wall time,Step,Value
1699612753.8814101,0,0.6657813191413879
1699612956.4813058,1,0.6720086932182312
1699613159.3748767,2,0.6740608215332031
1699613360.251651,3,0.6776231527328491
1699613560.7557046,4,0.6779429316520691
1699613760.4147978,5,0.6769568920135498
1699613961.555268,6,0.6795508861541748
1699614160.7024283,7,0.6801905035972595
1699614364.4119716,8,0.6793110370635986
1699614567.2318563,9,0.6811854839324951
1699614769.430297,10,0.6780762076377869
1699614973.6394577,11,0.6782094836235046
1699615177.4287088,12,0.6779784560203552
1699615380.7367048,13,0.677791953086853
1699615582.855316,14,0.6758908629417419
1699615784.0027356,15,0.6760240793228149
1699615988.5015652,16,0.6745938062667847
1699616190.446777,17,0.6740164160728455
